{
  "crewData": {
    "Gale Kernel": {
      "drugs": 605.6271428571429,
      "dirtyMoney": 16957.56,
      "cleanMoney": 10852.838400000002,
      "contribution": 2170.5676800000006
    },
    "Edward Henway": {
      "drugs": 0,
      "dirtyMoney": 0,
      "cleanMoney": 0,
      "contribution": 0
    },
    "Oliver Smith": {
      "drugs": 0,
      "dirtyMoney": 0,
      "cleanMoney": 0,
      "contribution": 0
    },
    "Black Caesar": {
      "drugs": 0,
      "dirtyMoney": 0,
      "cleanMoney": 0,
      "contribution": 0
    },
    "Django West": {
      "drugs": 303.57142857142856,
      "dirtyMoney": 8500,
      "cleanMoney": 5440,
      "contribution": 1088
    },
    "Finn o Ruivo": {
      "drugs": 0,
      "dirtyMoney": 0,
      "cleanMoney": 0,
      "contribution": 0
    },
    "Robert Bob": {
      "drugs": 121.75,
      "dirtyMoney": 3409,
      "cleanMoney": 2181.76,
      "contribution": 436.3520000000001
    },
    "Addeh": {
      "drugs": 0,
      "dirtyMoney": 0,
      "cleanMoney": 0,
      "contribution": 0
    },
    "Kalton Peall": {
      "drugs": 472.64285714285717,
      "dirtyMoney": 13234,
      "cleanMoney": 8469.760000000002,
      "contribution": 1693.9520000000005
    },
    "Constantine Basso": {
      "drugs": 199.14285714285714,
      "dirtyMoney": 5576,
      "cleanMoney": 3568.6400000000003,
      "contribution": 713.7280000000001
    },
    "Coveiro Mccoy": {
      "drugs": 490.625,
      "dirtyMoney": 13737.5,
      "cleanMoney": 8792,
      "contribution": 1758.4000000000003
    },
    "Dias": {
      "drugs": 305.0892857142857,
      "dirtyMoney": 8542.5,
      "cleanMoney": 5467.200000000001,
      "contribution": 1093.44
    },
    "Jack Foster": {
      "drugs": 0,
      "dirtyMoney": 0,
      "cleanMoney": 0,
      "contribution": 0
    },
    "Jhon Kramer": {
      "drugs": 0,
      "dirtyMoney": 0,
      "cleanMoney": 0,
      "contribution": 0
    },
    "Mota Rockefeller": {
      "drugs": 303.57142857142856,
      "dirtyMoney": 8500,
      "cleanMoney": 5440,
      "contribution": 1088
    },
    "Melissa White": {
      "drugs": 303.57142857142856,
      "dirtyMoney": 8500,
      "cleanMoney": 5440,
      "contribution": 1088
    },
    "Juvenal Gattone": {
      "drugs": 0,
      "dirtyMoney": 0,
      "cleanMoney": 0,
      "contribution": 0
    },
    "Benedito Manches": {
      "drugs": 334.85714285714283,
      "dirtyMoney": 9376,
      "cleanMoney": 6000.64,
      "contribution": 1200.1280000000002
    },
    "John Cigan": {
      "drugs": 0,
      "dirtyMoney": 0,
      "cleanMoney": 0,
      "contribution": 0
    }
  },
  "metadata": {
    "exportDate": "2025-09-09T02:10:50.210Z",
    "minimumDrugs": 250,
    "targetDrugs": 500,
    "drugValue": 28,
    "totalContribution": 12685.440000000002
  }
}
