{
  "crewData": {
    "Gale Kernel": {
      "drugs": 605.6271428571429,
      "dirtyMoney": 16957.56,
      "cleanMoney": 10852.838400000002,
      "contribution": 2170.5676800000006
    },
    "Edward Henway": {
      "drugs": 144.375,
      "dirtyMoney": 4042.5,
      "cleanMoney": 2587.2000000000003,
      "contribution": 517.44
    },
    "Oliver Smith": {
      "drugs": 0,
      "dirtyMoney": 0,
      "cleanMoney": 0,
      "contribution": 0
    },
    "Black Caesar": {
      "drugs": 0,
      "dirtyMoney": 0,
      "cleanMoney": 0,
      "contribution": 0
    },
    "Django West": {
      "drugs": 303.57142857142856,
      "dirtyMoney": 8500,
      "cleanMoney": 5440,
      "contribution": 1088
    },
    "Finn o Ruivo": {
      "drugs": 0,
      "dirtyMoney": 0,
      "cleanMoney": 0,
      "contribution": 0
    },
    "Robert Bob": {
      "drugs": 121.75,
      "dirtyMoney": 3409,
      "cleanMoney": 2181.76,
      "contribution": 436.3520000000001
    },
    "Addeh": {
      "drugs": 0,
      "dirtyMoney": 0,
      "cleanMoney": 0,
      "contribution": 0
    },
    "Kalton Peall": {
      "drugs": 472.64285714285717,
      "dirtyMoney": 13234,
      "cleanMoney": 8469.760000000002,
      "contribution": 1693.9520000000005
    },
    "Constantine Basso": {
      "drugs": 299.1428571428571,
      "dirtyMoney": 8376,
      "cleanMoney": 5360.64,
      "contribution": 1072.1280000000002
    },
    "Coveiro Mccoy": {
      "drugs": 305.26785714285717,
      "dirtyMoney": 8547.5,
      "cleanMoney": 5470.400000000001,
      "contribution": 1094.0800000000002
    },
    "Dias": {
      "drugs": 344.55357142857144,
      "dirtyMoney": 9647.5,
      "cleanMoney": 6174.400000000001,
      "contribution": 1234.88
    },
    "Aurora Castell": {
      "drugs": 0,
      "dirtyMoney": 0,
      "cleanMoney": 0,
      "contribution": 0
    },
    "Jhon Kramer": {
      "drugs": 0,
      "dirtyMoney": 0,
      "cleanMoney": 0,
      "contribution": 0
    },
    "Mota Rockefeller": {
      "drugs": 303.57142857142856,
      "dirtyMoney": 8500,
      "cleanMoney": 5440,
      "contribution": 1088
    },
    "Melissa White": {
      "drugs": 303.57142857142856,
      "dirtyMoney": 8500,
      "cleanMoney": 5440,
      "contribution": 1088
    },
    "Juvenal Gattone": {
      "drugs": 0,
      "dirtyMoney": 0,
      "cleanMoney": 0,
      "contribution": 0
    },
    "Benedito Manches": {
      "drugs": 334.85714285714283,
      "dirtyMoney": 9376,
      "cleanMoney": 6000.64,
      "contribution": 1200.1280000000002
    },
    "John Cigan": {
      "drugs": 0,
      "dirtyMoney": 0,
      "cleanMoney": 0,
      "contribution": 0
    }
  },
  "metadata": {
    "exportDate": "2025-09-10T03:49:20.894Z",
    "minimumDrugs": 250,
    "targetDrugs": 500,
    "drugValue": 28,
    "totalContribution": 12683.527680000003
  }
}
